type,name,module,path,hash
"csv","agent-manifest","_cfg","bmad/_cfg/agent-manifest.csv","0da9108b957d07f96980542e09a991f80b87da3c6dc885884e83431669667253"
"csv","task-manifest","_cfg","bmad/_cfg/task-manifest.csv","46f98b1753914dc6193c9ca8b6427fadc9a6d71747cdc8f5159792576c004b60"
"csv","workflow-manifest","_cfg","bmad/_cfg/workflow-manifest.csv","0653537464dccd884542b62b4a78611356d41dfdecf11f7a355e98280bce50d8"
"yaml","manifest","_cfg","bmad/_cfg/manifest.yaml","d3b8f061dc297d36b8f68cf054fc376e1f358a3235c7cfe185197156f4fbba61"
"js","installer","bmb","bmad/bmb/workflows/create-module/installer-templates/installer.js","f065095d3392601b90e0336017479528c90ab00407c88b9c08f553f0eafeecf1"
"md","agent-architecture","bmb","bmad/bmb/workflows/create-agent/agent-architecture.md","b204cb5b1c376aed734435f96b72a089250f1355024e7f5cda7fd1efba63e939"
"md","agent-command-patterns","bmb","bmad/bmb/workflows/create-agent/agent-command-patterns.md","3319c1ffdb836f8e014fce5e970d52ceea1c82525c976256966149dbabec29dd"
"md","agent-types","bmb","bmad/bmb/workflows/create-agent/agent-types.md","24b11472f2936cbf75b6dd9e822e944592f05ae07d90060bef5d318d04250896"
"md","bmad-builder","bmb","bmad/bmb/agents/bmad-builder.md","47e69e9d0b4ba9c71a37fa13aa4a485f948ae43ff353dfd1ad10a71ec327bf83"
"md","brainstorm-context","bmb","bmad/bmb/workflows/create-agent/brainstorm-context.md","c681e9493f118d2d84825ab5e061f6c88a57404113f73ae9f05a488a9e76d5fe"
"md","brainstorm-context","bmb","bmad/bmb/workflows/create-module/brainstorm-context.md","886f075588e5bd20dfbe6417a9c73799c73f7c1e98a53bbba61c0354743529ff"
"md","brainstorm-context","bmb","bmad/bmb/workflows/create-workflow/brainstorm-context.md","07193ddbfe309faf17f1e6bf0f2a8b243d7361502a3d6a4e58ed3c9bf5c3068f"
"md","checklist","bmb","bmad/bmb/workflows/audit-workflow/checklist.md","afd9003a6759cbb6b54305f43149cec00dbca09baba47c9dc00dfa60a05527a0"
"md","checklist","bmb","bmad/bmb/workflows/convert-legacy/checklist.md","f06df4d35d8247b27e505b34225f55f39fce71082764d29d6b7b6e99bdd12c1e"
"md","checklist","bmb","bmad/bmb/workflows/create-agent/checklist.md","0cad311305d657713b12d4db08ed9563fbb83f45e51ea9ede8130b941b52b4a4"
"md","checklist","bmb","bmad/bmb/workflows/create-module/checklist.md","ecb028d6887dcea63a68c26140ab0571b7589e39f0d74e4ebf4149f1ff13cf3f"
"md","checklist","bmb","bmad/bmb/workflows/create-workflow/checklist.md","2d2d6a21a84f3d42318a4cf32f9593f04befba145055a33b2bd5c76ea14030c0"
"md","checklist","bmb","bmad/bmb/workflows/create-workflow/workflow-template/checklist.md","329a1e39a83e95d1d3a6c1784eb15841ef509b88be82cdc9a42bd693dc114b64"
"md","checklist","bmb","bmad/bmb/workflows/edit-workflow/checklist.md","3b59883c9a68b9a735fffb5b70c6071077b24b85e4d07b7345502fbe6b0239bb"
"md","checklist","bmb","bmad/bmb/workflows/module-brief/checklist.md","768aa2c618ba082b2c425729acb06ee70d351318ab833d782147c95afd4c9794"
"md","checklist","bmb","bmad/bmb/workflows/redoc/checklist.md","db5464e898669936ae5b86d0ddf0de4299b669f0571aa07bf39daa5d75b06aa4"
"md","communication-styles","bmb","bmad/bmb/workflows/create-agent/communication-styles.md","186600100d64468448acb46dd4dda2728969982eded4e3c4b97f0a78710a2e8c"
"md","instructions","bmb","bmad/bmb/workflows/audit-workflow/instructions.md","bca142984f3cf0a20524c1a0e9a0f9a331b27b8d37e25a8c3792aaf7b4f133c2"
"md","instructions","bmb","bmad/bmb/workflows/convert-legacy/instructions.md","f114742e0be00cc3c687f339fbe14d1cce148f70d22fc46f25f2a692f44d207a"
"md","instructions","bmb","bmad/bmb/workflows/create-agent/instructions.md","c7ecad4433233b1797a00c5d068288a50c779351006fec10e666f892097aeed7"
"md","instructions","bmb","bmad/bmb/workflows/create-module/instructions.md","14611d88d4397be996a04dd299e55a6b8ef56b5410d13b8f50b8d21064916b75"
"md","instructions","bmb","bmad/bmb/workflows/create-workflow/instructions.md","f8732c445120a93c21c70a371c9aac959c482ddd93cca12feb023f9416e3b7fb"
"md","instructions","bmb","bmad/bmb/workflows/create-workflow/workflow-template/instructions.md","972d9f101c3c2859d64abf4e42d4185ca48f33a41f604b819cec86e78a3fd1b8"
"md","instructions","bmb","bmad/bmb/workflows/edit-workflow/instructions.md","aae41eec477f6fc4ae7e189f9ab69c83c1238a9a899080b6701bdadc10665d9b"
"md","instructions","bmb","bmad/bmb/workflows/module-brief/instructions.md","6e3fbb823b10bbbc0d41565218d66d0de1d260db4ccb3223ddc97ec22a2e708f"
"md","instructions","bmb","bmad/bmb/workflows/redoc/instructions.md","3da163b8c9b2d27c6ff59d793a8278bdfdab9cc2686b29126e0bde14141f6ba6"
"md","module-structure","bmb","bmad/bmb/workflows/create-module/module-structure.md","5cb8270128f6244f78c41642168c03c72176fa2b8f2e3364491851926e1d9b51"
"md","README","bmb","bmad/bmb/README.md","a7184551997542e239ba8b1f8e1ba2fb127350b7cef316cdb137acc2c9a871b8"
"md","README","bmb","bmad/bmb/workflows/convert-legacy/README.md","d6ac39d96d54131fc6ce22de7f62fd0c36291af949b125908d02d8b92a3912b7"
"md","README","bmb","bmad/bmb/workflows/create-agent/README.md","9f27dd45754093914a8ae97c832739db27d577754da4180ab4a0e77e09156098"
"md","README","bmb","bmad/bmb/workflows/create-module/README.md","544025a8c2a7ae6b4b0ce64f4f896e853430d1df6c161abbea5536dacc2d5651"
"md","README","bmb","bmad/bmb/workflows/create-workflow/README.md","1242d158e87ac1a7fc5572471a8abe080db7b1ebadbded375f22d48d86a41700"
"md","README","bmb","bmad/bmb/workflows/edit-workflow/README.md","89e2c60e4cc95a734f480aa4974eafb4af66d26ba10588623f6ffb54106335c4"
"md","README","bmb","bmad/bmb/workflows/module-brief/README.md","db00b63d69cebf39118d43e8c82e7d96682f1c198fcce9f4d1f1c742c5493424"
"md","README","bmb","bmad/bmb/workflows/redoc/README.md","0820ef9b59febdb82d56b5a519230f438ead08ed9f445e66a061368c6c63f777"
"md","template","bmb","bmad/bmb/workflows/audit-workflow/template.md","c9a9961f7c7bd76126f3870adef08020b35a8410757ae70d0f945d6aa4b2298f"
"md","template","bmb","bmad/bmb/workflows/create-workflow/workflow-template/template.md","8a56e37ae2b6ee9ea9fc319132cff573217530a015f323c7c6724824ad113286"
"md","template","bmb","bmad/bmb/workflows/module-brief/template.md","92902dab599c4aed7f36cc61d01359deaece1362ed237b2840880f2f02e8363d"
"md","workflow-creation-guide","bmb","bmad/bmb/workflows/create-workflow/workflow-creation-guide.md","8301d3f4531c2c92d40db209d78922da5b59fd4bb5114e5e4a76c0d6646a97ff"
"yaml","bmad-builder.agent","bmb","bmad/bmb/agents/bmad-builder.agent.yaml",""
"yaml","config","bmb","bmad/bmb/config.yaml","62a042c7f190588a0e05c350a5d95384d9e86a31d663aa7abec96db5c83bda04"
"yaml","install-config","bmb","bmad/bmb/workflows/create-module/installer-templates/install-config.yaml","13a8b700e23bb769fddfd2ddd443e3a88a004dd7def3f6c5200bfd9568faa257"
"yaml","workflow","bmb","bmad/bmb/workflows/audit-workflow/workflow.yaml","9473df94e316d5bc72f93cacfe3e3175d13f84f4432fb09441eeaf0fafcf9ffb"
"yaml","workflow","bmb","bmad/bmb/workflows/convert-legacy/workflow.yaml","4329f670d815b9bb04192058abf178a78631c514ec115f7f0209fc66210306a8"
"yaml","workflow","bmb","bmad/bmb/workflows/create-agent/workflow.yaml","b8af86e1464a6f46c42a1da586fcbc36f80a5facbcaed8eb8067711b61201d42"
"yaml","workflow","bmb","bmad/bmb/workflows/create-module/workflow.yaml","68dcdcdee28253499f16345e4c42e90778cd058e6eaf7af54fd0ab5ccc087fe6"
"yaml","workflow","bmb","bmad/bmb/workflows/create-workflow/workflow-template/workflow.yaml","4a350cc2d9f66d94d6152396f7e92f83ac5532996523df79fdeb236bea850a07"
"yaml","workflow","bmb","bmad/bmb/workflows/create-workflow/workflow.yaml","1955c0412303a90dbd6e8ec7624db80c0bb6d59e2a04354f6fb44cb429656400"
"yaml","workflow","bmb","bmad/bmb/workflows/edit-workflow/workflow.yaml","e74be3a60056cbef31d0200a0b193811f25181c606741608e9e9729cadef0fbf"
"yaml","workflow","bmb","bmad/bmb/workflows/module-brief/workflow.yaml","2865abe57d592284302983004bbc74ce2ede49edcdf5406f836755d3587f91c3"
"yaml","workflow","bmb","bmad/bmb/workflows/redoc/workflow.yaml","7cee299a2596638874b5eff84a8c1b35f337e2b486d8875056e513e8d9b9fe8a"
"csv","documentation-requirements","bmm","bmad/bmm/workflows/1-analysis/document-project/documentation-requirements.csv","efc91d54787939a2dd2c22400e6b9b6f58835a741ea557e8971b5b333ce666e8"
"csv","game-brain-methods","bmm","bmad/bmm/workflows/1-analysis/brainstorm-game/game-brain-methods.csv","f6fb96d2134a941ad0dd6cbdcb7bdcc01b7c04b1009e196cf859fc330f843bdb"
"csv","game-types","bmm","bmad/bmm/workflows/2-plan-workflows/gdd/game-types.csv","4f4a61090a084188178340aa08edaa8f3a08029bac7f01f23f228723b9524a59"
"csv","pattern-categories","bmm","bmad/bmm/workflows/3-solutioning/architecture/pattern-categories.csv","490bb6b7d5abfd5c1b20dca04399870c030b5d5d2db7148621d43f08044616e8"
"csv","tea-index","bmm","bmad/bmm/testarch/tea-index.csv","c32cbfe439e58556a0ee366988c5447e2c415a325c4e2599c5e3f0c8ae8899a9"
"json","project-scan-report-schema","bmm","bmad/bmm/workflows/1-analysis/document-project/templates/project-scan-report-schema.json","4c27adf9407907f31150d03d233f782f165aae9f754ecfa5532d0eed36c8bc94"
"md","action-platformer","bmm","bmad/bmm/workflows/2-plan-workflows/gdd/game-types/action-platformer.md","f711632d2a1067243347cfa5686488377421b8a0337e32ab06031c7d1051cb76"
"md","adventure","bmm","bmad/bmm/workflows/2-plan-workflows/gdd/game-types/adventure.md","2a242677235821099af6adcfc4a17dbeabe9ad914fb5c4599eab4f8691c86402"
"md","analyst","bmm","bmad/bmm/agents/analyst.md","df5ea0c1062611404b57010f6cf174afe6ce1bf469ec0da4e50a81f8570aafa2"
"md","api-documenter","bmm","bmad/bmm/sub-modules/claude-code/sub-agents/bmad-analysis/api-documenter.md","34e5dc7ba546dd3ffd9de2af581e0b7b73ba898d8c90293a65b9bbcc87ee5933"
"md","architect","bmm","bmad/bmm/agents/architect.md","00fff34270d5038c43a2519caf19e4919b60111c1a65fa9f2a90038c05cdbce8"
"md","architecture-template","bmm","bmad/bmm/workflows/3-solutioning/architecture/architecture-template.md","dc4f520923b73c874fb9e215d9f365e8daff18d174f196ece610ee970f15f5c4"
"md","atdd-checklist-template","bmm","bmad/bmm/workflows/testarch/atdd/atdd-checklist-template.md","da32fb407e7407c729df115eab4f5a65b2e1ddc3295dc29178ecccb1fe30a48c"
"md","backlog_template","bmm","bmad/bmm/workflows/4-implementation/review-story/backlog_template.md","42c4a61b30a8d1bfc670934db31622097b679ceee80f7744de823a77fa6ccd42"
"md","bmm-competitor-analyzer","bmm","bmad/bmm/workflows/1-analysis/research/claude-code/sub-agents/bmm-competitor-analyzer.md","e5b1ab7308b0d9522256aa95a81ed7d97b401dd18132c3b05e6f2204d65236e2"
"md","bmm-data-analyst","bmm","bmad/bmm/workflows/1-analysis/research/claude-code/sub-agents/bmm-data-analyst.md","0ecd681fa55c70a67432683b40ac1473df6787cf37fd6aea6e4295463e64dea9"
"md","bmm-market-researcher","bmm","bmad/bmm/workflows/1-analysis/research/claude-code/sub-agents/bmm-market-researcher.md","6b751f9f7156570b6df805aaaff0f1a3f0c182193855caef8c5caa67e6447af3"
"md","bmm-trend-spotter","bmm","bmad/bmm/workflows/1-analysis/research/claude-code/sub-agents/bmm-trend-spotter.md","84d31c0cb5233bdfb4cd2392c98a7821ffdb919e5b59bf3415a9c401ec9adfcf"
"md","bmm-user-researcher","bmm","bmad/bmm/workflows/1-analysis/research/claude-code/sub-agents/bmm-user-researcher.md","508357c93fa5ba4b4d98d5ea199f3dc256db4e3ac8abb0f7f3da653c8f749a9d"
"md","card-game","bmm","bmad/bmm/workflows/2-plan-workflows/gdd/game-types/card-game.md","63a72a7cd8e9c15ff0778ca2af49ee146daf7a8d0772f83afc6e8421b088b1fd"
"md","checklist","bmm","bmad/bmm/workflows/1-analysis/document-project/checklist.md","e552c0566213cec03a0e3381892386a884ddb5c3b036c9d678905360a0284999"
"md","checklist","bmm","bmad/bmm/workflows/1-analysis/game-brief/checklist.md","ddb4129f1f7474f25e78a4836410d6b3432ee5c6344414647ce3c8c3af1c56f5"
"md","checklist","bmm","bmad/bmm/workflows/1-analysis/product-brief/checklist.md","4b3211448c246d2313d5e6a3f38421ec846fcfb6dd4abd86fb99b156ad02eb2b"
"md","checklist","bmm","bmad/bmm/workflows/1-analysis/research/checklist.md","adfa3df84e7a10e36482410b03c50832bf8fc9c5df2fd9c8ac707fe08b768f29"
"md","checklist","bmm","bmad/bmm/workflows/2-plan-workflows/create-ux-design/checklist.md","69c45f1d99f8f52855ba9e4d7ac13f5b90494e7d2c7526c24e43a46ba4af560e"
"md","checklist","bmm","bmad/bmm/workflows/2-plan-workflows/gdd/checklist.md","43da9cadbca5dc6a18f998560ac85cb471ebf265ed1fc292b30b5e5046f424a2"
"md","checklist","bmm","bmad/bmm/workflows/2-plan-workflows/narrative/checklist.md","e780d2703a61e6f9b6bdf0d624671140a9b93e42cdf9dcd521f41d5a7be9f967"
"md","checklist","bmm","bmad/bmm/workflows/2-plan-workflows/prd/checklist.md","18ba97c640150a4b0a7c829640d14e264942b95def42a6afa5d41583320f20aa"
"md","checklist","bmm","bmad/bmm/workflows/2-plan-workflows/tech-spec/checklist.md","28163964052c3ccea415cf2839a8c415340f2edb7165d072df84c1682d07b424"
"md","checklist","bmm","bmad/bmm/workflows/3-solutioning/architecture/checklist.md","ecb2375b53f43c08fc86a51a6c6ac53482e7716958fc6fe38860ed91caa453d2"
"md","checklist","bmm","bmad/bmm/workflows/3-solutioning/solutioning-gate-check/checklist.md","a80d5c76883708abb59c69123a0a2c646baafc245acaec1a89b9b244d37b4698"
"md","checklist","bmm","bmad/bmm/workflows/4-implementation/correct-course/checklist.md","961124b78fc7c26845906b2df7ee4d608c6ef6ecf91f56f9d12b688a0941fc6a"
"md","checklist","bmm","bmad/bmm/workflows/4-implementation/create-story/checklist.md","ed66095912799a8712c46632de0d2397e0d17b40a6432dfe3a6317282b3d5336"
"md","checklist","bmm","bmad/bmm/workflows/4-implementation/dev-story/checklist.md","3aa8e1ab8ed440d56c43218f705993748fe4725a84d514ada19689cef786e41a"
"md","checklist","bmm","bmad/bmm/workflows/4-implementation/epic-tech-context/checklist.md","786e432de2182f96c468ad3aea2e009bc90b402cf47da1de9774907542d4b431"
"md","checklist","bmm","bmad/bmm/workflows/4-implementation/review-story/checklist.md","db1b413bbdce4f490906a11c1be889f44f7833ca54c9785098fa8fa566168e3c"
"md","checklist","bmm","bmad/bmm/workflows/4-implementation/sprint-planning/checklist.md","cc4f8e9411dbf9e644333790f867d74027aae3721cbc7f11d574536bf903a0aa"
"md","checklist","bmm","bmad/bmm/workflows/4-implementation/story-context/checklist.md","2fa22240b9c6eb716b35e99f25be3d84adfc134466dee75b75b5aa4a46263843"
"md","checklist","bmm","bmad/bmm/workflows/testarch/atdd/checklist.md","10835403aae2bf2f4c90558a139e0d36e07edac71072966a2d54fb4518ca1a98"
"md","checklist","bmm","bmad/bmm/workflows/testarch/automate/checklist.md","034025f155c51cc8ce970041b34720996b8a7232991a36ea378e229b4ebf855c"
"md","checklist","bmm","bmad/bmm/workflows/testarch/ci/checklist.md","be9d7c09baa1f365b1b81188aeccf41cbbf7863a055d4cf1fadbd3fee1b970d2"
"md","checklist","bmm","bmad/bmm/workflows/testarch/framework/checklist.md","6a59d985815da342003d6d37ee04a9a35cd862093f5ff6cd36fb33d0fdc4d3b0"
"md","checklist","bmm","bmad/bmm/workflows/testarch/nfr-assess/checklist.md","cd3a06a4c36557f28d93fb78766c96fb39db57c399187a26f056ebd63ef7de74"
"md","checklist","bmm","bmad/bmm/workflows/testarch/test-design/checklist.md","36d04dc34118cf67cd94a0a844a9f8226a17029bd544a73fe95d434a407ed157"
"md","checklist","bmm","bmad/bmm/workflows/testarch/test-review/checklist.md","4513e00ce1966b81432b494bc5954122851da51b170a3fc55ad3872aec37c929"
"md","checklist","bmm","bmad/bmm/workflows/testarch/trace/checklist.md","58d75317202230e58e43adb9b711f2bba4a5e0ea1ad5c1ab4b8a9064ed007625"
"md","ci-burn-in","bmm","bmad/bmm/testarch/knowledge/ci-burn-in.md","d1688040c43d23a638a627c8544c24cbcf410e4e19af5158c09155d832addd4d"
"md","codebase-analyzer","bmm","bmad/bmm/sub-modules/claude-code/sub-agents/bmad-analysis/codebase-analyzer.md","6b9bc9cc85aa0c71a867ffdf861375eda7772e7a1afa8fe513d7efa408ba681d"
"md","component-tdd","bmm","bmad/bmm/testarch/knowledge/component-tdd.md","1acb4c48b2f924f60ed6784955597c17120466d5dc24d2e43e4b0a1bd0e61aae"
"md","contract-testing","bmm","bmad/bmm/testarch/knowledge/contract-testing.md","1d90624821dc9cbbffe41567ec05045b3f5f634c5208ff0151e946520a3d484b"
"md","data-analyst","bmm","bmad/bmm/sub-modules/claude-code/sub-agents/bmad-analysis/data-analyst.md","77d9e6b95c2097a821dbbfbb2944f346ff65a577aefad4792a5a5059080592e7"
"md","data-factories","bmm","bmad/bmm/testarch/knowledge/data-factories.md","c98dab79a9064d45402dbe0a5c25a1d82b53557c56e3f142023bf907e2b98d53"
"md","deep-dive-instructions","bmm","bmad/bmm/workflows/1-analysis/document-project/workflows/deep-dive-instructions.md","f09689122758ccd6d1374346ef53d3e2ad0c873e5a5d98d118bf7980cf8ad0db"
"md","deep-dive-template","bmm","bmad/bmm/workflows/1-analysis/document-project/templates/deep-dive-template.md","2d098bb425f58d1d49ab5c6b7c1a8c92af9271d281bacafe000fed059a1a206d"
"md","dependency-mapper","bmm","bmad/bmm/sub-modules/claude-code/sub-agents/bmad-planning/dependency-mapper.md","029078feaaba58ba79018ebf39640665af7ab9c00585316b8c5809a5395f5d35"
"md","dev","bmm","bmad/bmm/agents/dev.md","27f5670e89fa53302c2f0f9e274034fd92021e6000ddd4ec2c9c2ac66c799bcf"
"md","document-reviewer","bmm","bmad/bmm/sub-modules/claude-code/sub-agents/bmad-review/document-reviewer.md","24435d1983b21d00a7bf66660e3cf6b9e8d11d745a813c7feb155449d850c7db"
"md","email-auth","bmm","bmad/bmm/testarch/knowledge/email-auth.md","1265f30cdd7b85f164769abf4f6ea86b6abec3acd90653e646a9c9ee17176963"
"md","epic-optimizer","bmm","bmad/bmm/sub-modules/claude-code/sub-agents/bmad-planning/epic-optimizer.md","23f5444c0edb1e58acf8c895a5c10e25deb5ccd0ae27baf99c6d4b2fa1a5f504"
"md","epics-template","bmm","bmad/bmm/workflows/2-plan-workflows/prd/epics-template.md","9d28ead418bd45b9c30820bdf0d78f7cf5494133c9a9112f1cd3a490b88938aa"
"md","epics-template","bmm","bmad/bmm/workflows/2-plan-workflows/tech-spec/epics-template.md","06f75c8e3e906192312012224627d813f4592fe86de28826db9aec8e8cb0018e"
"md","error-handling","bmm","bmad/bmm/testarch/knowledge/error-handling.md","86c04dd03ff81340eb99bdfe200f8d6a51c99a2199fb80a0046f9cb312d7c440"
"md","feature-flags","bmm","bmad/bmm/testarch/knowledge/feature-flags.md","91d8753aaab3ae974ab9ab5a4651dd39e147fe5ac1b9e74620dd1901efc8e93f"
"md","fighting","bmm","bmad/bmm/workflows/2-plan-workflows/gdd/game-types/fighting.md","a3da81cf6924927931eb7338753ae8a03028a7e5e26a31428c737a151e02950f"
"md","fixture-architecture","bmm","bmad/bmm/testarch/knowledge/fixture-architecture.md","e578e2164ba7d60818a910242d9bc03413724bae3e8e5a5f03192b3c3076d83d"
"md","full-scan-instructions","bmm","bmad/bmm/workflows/1-analysis/document-project/workflows/full-scan-instructions.md","6eb74115749bfa3d0120759d81ba00220835957d400c7f281289be7d8f482ea9"
"md","game-architect","bmm","bmad/bmm/agents/game-architect.md","34dd9ceed849078c9ad4dd200727206ac0bdd786736b552dfc6bccb30daf31e9"
"md","game-context","bmm","bmad/bmm/workflows/1-analysis/brainstorm-game/game-context.md","d362430b87dfe8a9b8c3bf9ae6820235b0d46bbed326591cbb58acdb5ff70640"
"md","game-designer","bmm","bmad/bmm/agents/game-designer.md","663ddeac132aaa193220deebaf699e2bb47d6c5309ca078f32669ee408e703f4"
"md","game-dev","bmm","bmad/bmm/agents/game-dev.md","1275258dfae63280034831dcf9afd60004cecfc774d663f70aeeb9f04a9779f7"
"md","gdd-template","bmm","bmad/bmm/workflows/2-plan-workflows/gdd/gdd-template.md","791dfdf0ac71a2e249984c07ca47938dcc2c602c935547124cb1eeccd3d1fbaf"
"md","horror","bmm","bmad/bmm/workflows/2-plan-workflows/gdd/game-types/horror.md","7ae5d591692bf36b014da7ca3b9683d6dfe744e9a85915bc18b8e8639122a2aa"
"md","idle-incremental","bmm","bmad/bmm/workflows/2-plan-workflows/gdd/game-types/idle-incremental.md","410e8aa9473ef6189bc550de4721336ae3a9a1a82663388a9cea2a42726bd908"
"md","index-template","bmm","bmad/bmm/workflows/1-analysis/document-project/templates/index-template.md","0e077c2d9d9ccb149a64ed82e67914d90571e23696687cf7a08ac5f2a8b18306"
"md","instructions","bmm","bmad/bmm/workflows/1-analysis/brainstorm-game/instructions.md","f6e234a3dc79efb75670bb0bed6a0c1a96a9f321b2e9ba7e5bdf72f0f925ae6c"
"md","instructions","bmm","bmad/bmm/workflows/1-analysis/brainstorm-project/instructions.md","0ecdf20fa58d80177e064d1f4d84e3aa01cba6871c2f74da29dc45c9e6bd26cf"
"md","instructions","bmm","bmad/bmm/workflows/1-analysis/document-project/instructions.md","e3b5b53733084666dd9251228c45913d49ddc07414a90cda8a070fb6da78d53d"
"md","instructions","bmm","bmad/bmm/workflows/1-analysis/game-brief/instructions.md","7547d45989c17a0ca688915ded56820847936a871e4f0bd924b500e9284bc06d"
"md","instructions","bmm","bmad/bmm/workflows/1-analysis/product-brief/instructions.md","eb9ace6fc8903b9bb4802bf9b88fc75e0369ed2844a3b1d5cce314a88888af5a"
"md","instructions","bmm","bmad/bmm/workflows/2-plan-workflows/create-ux-design/instructions.md","062ec73f42ab0dd9f12cbc4a5bf746bd73fb47231964c808ca1898eadce36d2d"
"md","instructions","bmm","bmad/bmm/workflows/2-plan-workflows/prd/instructions.md","3bc02c5b036fdcc412b0c152d93c027cf215609073246d01f525067359bd8c16"
"md","instructions","bmm","bmad/bmm/workflows/2-plan-workflows/tech-spec/instructions.md","ea529da93892ade1ea5102b9b4cb9067a4a43e87117fab97ce25cdd1f2f2ea6a"
"md","instructions","bmm","bmad/bmm/workflows/3-solutioning/architecture/instructions.md","801819bcba7fa5d27f4c873d9d9292bfd85861699d18f0c253d88cfc549f538d"
"md","instructions","bmm","bmad/bmm/workflows/3-solutioning/solutioning-gate-check/instructions.md","a5f7529da9d773d6cb1c82f653b048508302653b6d0264279b986394a606d137"
"md","instructions","bmm","bmad/bmm/workflows/4-implementation/correct-course/instructions.md","94b5756faccfad272a7561c26717f7684c81cb08fdaaba3e73c5705ed3e87465"
"md","instructions","bmm","bmad/bmm/workflows/4-implementation/create-story/instructions.md","23821c7a6ced7984d7c74da7d41d605cdf568d8e81c2dfd56090e3ea71bb53aa"
"md","instructions","bmm","bmad/bmm/workflows/4-implementation/dev-story/instructions.md","ee1858c24142bc79e48b766f0b83c82af7ec4ab56243bab767473cc85543948a"
"md","instructions","bmm","bmad/bmm/workflows/4-implementation/epic-tech-context/instructions.md","65f8497fd1e15b4fae0d7bc59a569d648206033d6fd400bedd3a208a24f290dc"
"md","instructions","bmm","bmad/bmm/workflows/4-implementation/retrospective/instructions.md","f653f8c4f7e278e97d6f3751efee6afd8f190d3e89a1c61a4ba66a555a37837c"
"md","instructions","bmm","bmad/bmm/workflows/4-implementation/review-story/instructions.md","5d2a6b10c124de522a2d5b991804f92c8f591c1fda46ef6c69edfe8d16cf0836"
"md","instructions","bmm","bmad/bmm/workflows/4-implementation/sprint-planning/instructions.md","9d63e4d75a6a38bec0f5e1e4b1f9dff9afa5fbe77dcd716d85815cbbcc379786"
"md","instructions","bmm","bmad/bmm/workflows/4-implementation/story-context/instructions.md","2c389d916c4920fbd15542aa6d2a03e4d8ff5aeac08b2f15de5b5fee99df7803"
"md","instructions","bmm","bmad/bmm/workflows/4-implementation/story-done/instructions.md","92ef597a996e4b8eb0238e5cec77e5e3484f28c04127799e35db69aca3736768"
"md","instructions","bmm","bmad/bmm/workflows/4-implementation/story-ready/instructions.md","4f49950447366b89a9261697e1d17cd29d9066de389d7453848880a683f40a64"
"md","instructions","bmm","bmad/bmm/workflows/helpers/sprint-status/instructions.md","5835e3802e34197a38219828948ba6c7407c29d79eaaea982af416e39017da08"
"md","instructions","bmm","bmad/bmm/workflows/testarch/atdd/instructions.md","be4e111025ca3212c04cc76ae190feb9842b701137fe9ddbb6a9b80fd074e75f"
"md","instructions","bmm","bmad/bmm/workflows/testarch/automate/instructions.md","47239219a10b5807c414a3b8b909f4f92da34d03e787b1aa9b7caf428e276c81"
"md","instructions","bmm","bmad/bmm/workflows/testarch/ci/instructions.md","b49c203fadeeeffe9441e2f0a1b8302453eb863c98dae6e0dcc2778b719e7d34"
"md","instructions","bmm","bmad/bmm/workflows/testarch/framework/instructions.md","08b7b3d9117c362c8745740ef4d51d4a39ef0e8a0d0f33ebbc8f5e31f3db7864"
"md","instructions","bmm","bmad/bmm/workflows/testarch/nfr-assess/instructions.md","87a3b4c3ad2ae8b77b8fcf09778d68f66321911372c91a3741c094c8d9e5e791"
"md","instructions","bmm","bmad/bmm/workflows/testarch/test-design/instructions.md","619c7116dc31280d0c6d568521180b0d5d156dced4afe8693ad4639a7ad9c710"
"md","instructions","bmm","bmad/bmm/workflows/testarch/test-review/instructions.md","757bfec269f75e86b67c5a4855e5f49d3673577f4bc2aa94027edfd44f9a4cc0"
"md","instructions","bmm","bmad/bmm/workflows/testarch/trace/instructions.md","da09019fbde7e47b7adb75200fa30fa2effefb65f92a59c090c4b48ba4f5c761"
"md","instructions","bmm","bmad/bmm/workflows/workflow-status/init/instructions.md","000fa8094633bb245ac14ad6307fcba12fdc2383ebde2674a89bbb00c554b8a4"
"md","instructions","bmm","bmad/bmm/workflows/workflow-status/instructions.md","43268e75ccd960db682a2ecda68906dc7674d3f9345bb8300537d665525b51ee"
"md","instructions-deep-prompt","bmm","bmad/bmm/workflows/1-analysis/research/instructions-deep-prompt.md","20ddaef8da4f41f1bc4f37dbe7370fee9b6b279d53400906524f8dce46342cfd"
"md","instructions-gdd","bmm","bmad/bmm/workflows/2-plan-workflows/gdd/instructions-gdd.md","edb6314e345f19c54c964f400c3ec190ccd5bbe17f3605ee1de3603df306492e"
"md","instructions-level0-story","bmm","bmad/bmm/workflows/2-plan-workflows/tech-spec/instructions-level0-story.md","7cd81bd9b74bd6a4e7ba0c0cd4f13aa13f8d9041db32c800c5d83cc01e8e3231"
"md","instructions-level1-stories","bmm","bmad/bmm/workflows/2-plan-workflows/tech-spec/instructions-level1-stories.md","7896c080b8db288dcf8b311d6a42a0b7897a03a28657a9dd4f828a420bf213e3"
"md","instructions-market","bmm","bmad/bmm/workflows/1-analysis/research/instructions-market.md","03ead74727de5672c5c1524af766b5c5d4ccc8bf923087b747f39899f90aa1f9"
"md","instructions-narrative","bmm","bmad/bmm/workflows/2-plan-workflows/narrative/instructions-narrative.md","64b71a2ce35ee2c854935647b707b041c5adc09d0a3d6458c5c9daf0e041ef35"
"md","instructions-router","bmm","bmad/bmm/workflows/1-analysis/research/instructions-router.md","a74ef524741799c9e6a2a015a51fdfa52343202a287709f9ffdfe2bc7113b17d"
"md","instructions-technical","bmm","bmad/bmm/workflows/1-analysis/research/instructions-technical.md","516046b74d20f6db04b2068825ee645e5c49a8e51f98e1174cf6473880e3eeb8"
"md","market-researcher","bmm","bmad/bmm/sub-modules/claude-code/sub-agents/bmad-research/market-researcher.md","b7d82fd51b0e606005203bdf563d6dee3f23cf3beeeafc3620c59567fc49925a"
"md","metroidvania","bmm","bmad/bmm/workflows/2-plan-workflows/gdd/game-types/metroidvania.md","2faa33591d6bac3c0e8c4cafe823d94b9f5f9236a1c22d38683fdb784c156b85"
"md","moba","bmm","bmad/bmm/workflows/2-plan-workflows/gdd/game-types/moba.md","9871adb9aacf4e503f4f339e5028a30ca16916e53770038c5568eb13f961acbb"
"md","narrative-template","bmm","bmad/bmm/workflows/2-plan-workflows/narrative/narrative-template.md","e12110346082ed4cbd444fce0ba0e1cc5c074dfd72ce503f00ce4df24bbf3ef3"
"md","network-first","bmm","bmad/bmm/testarch/knowledge/network-first.md","257fe61ec77020d024f7ddf4f6c5c965f6c4632a469d942278c7337abc8621b7"
"md","nfr-criteria","bmm","bmad/bmm/testarch/knowledge/nfr-criteria.md","5d5f9acfeb6a98f2ef7ee8707bbac3ab37d9c191c443c1e944dee70cf3f9963a"
"md","nfr-report-template","bmm","bmad/bmm/workflows/testarch/nfr-assess/nfr-report-template.md","00438049a57791638941b18cb93a1d07ed2a969f5b725ac78ca77be0f06f7d54"
"md","party-game","bmm","bmad/bmm/workflows/2-plan-workflows/gdd/game-types/party-game.md","7de09c182571046e25d2f4c4bdaa8a1dd2a96c8a50606bcf253ed8ba370ddae1"
"md","pattern-detector","bmm","bmad/bmm/sub-modules/claude-code/sub-agents/bmad-analysis/pattern-detector.md","8ebbb124bf6f1f2eda553fd4a84d181dae7153fce8bf394e88a94b71475e98de"
"md","playwright-config","bmm","bmad/bmm/testarch/knowledge/playwright-config.md","0aad9401ce1f701925ba05f9bf6ff66c13fdf5d797593486de9d0e74a74cf9cd"
"md","pm","bmm","bmad/bmm/agents/pm.md","121b746c666cbb40224b3b8be7d043b345d1e40c336d991900dcb3ada3da380b"
"md","prd-template","bmm","bmad/bmm/workflows/2-plan-workflows/prd/prd-template.md","b558e0857db1c69dc87616975e8ea01abebaa216310c2412a55832f08343e34b"
"md","probability-impact","bmm","bmad/bmm/testarch/knowledge/probability-impact.md","c582f4e681758b8c84ca2de003aa7133913326ac2c398b6c0e802914919b8333"
"md","project-context","bmm","bmad/bmm/workflows/1-analysis/brainstorm-project/project-context.md","5c3096f17fa77bc16380fccbb7c6ab1d1702913057430b9edb7efe50e138b489"
"md","project-overview-template","bmm","bmad/bmm/workflows/1-analysis/document-project/templates/project-overview-template.md","fd1ae5724b19829feb79245b5249c3ebf3cee30d07776939d87c7563e5bf76fd"
"md","puzzle","bmm","bmad/bmm/workflows/2-plan-workflows/gdd/game-types/puzzle.md","0e127487feb570735f166a7e51ecbdd69d7cb7de73439c62ef5e87b6e5b6b8f9"
"md","racing","bmm","bmad/bmm/workflows/2-plan-workflows/gdd/game-types/racing.md","e2c21ad6ae9bfdf1a309dc5a3ba3390dfb7de9a98bdfb4d7723e2c04750c9878"
"md","readme","bmm","bmad/bmm/sub-modules/claude-code/readme.md","f7df4488ca699e1613f4ffe34a5a5ab6ef2108bcbc1c127646968237e98cb6b8"
"md","readme","bmm","bmad/bmm/workflows/3-solutioning/architecture/readme.md","bde17da0cb3c2b4727dc62617450c5e16fad062ac064402a6f144532c65ab359"
"md","README","bmm","bmad/bmm/README.md","826294b808e6d2555858a9dc589756b3b5a13b3d66d00e1bbccf26961d5162f1"
"md","README","bmm","bmad/bmm/testarch/README.md","4ee9431f8f266296df8fa464d6ff694f2de5a342aad92046374e9ec84c759671"
"md","README","bmm","bmad/bmm/workflows/1-analysis/brainstorm-game/README.md","c4f9598b8c902a2b7cdc6e65e6bb3a0c6acd2776c3b818f70372b418f694be15"
"md","README","bmm","bmad/bmm/workflows/1-analysis/brainstorm-project/README.md","cff726bcbfdf471254515fd5e5ff38d47ca90671a8f1484488f924e6faaf765f"
"md","README","bmm","bmad/bmm/workflows/1-analysis/document-project/README.md","a13dd225d481eef32a2d6eabf2a143330512499601894c44cfd0745259ec7d9c"
"md","README","bmm","bmad/bmm/workflows/1-analysis/document-project/templates/README.md","49436affb09bc6a8736e733ebb87381589984e32c90812ec24fe32f95a5409db"
"md","README","bmm","bmad/bmm/workflows/1-analysis/game-brief/README.md","f555d08aeca8e5cd10c4aafa1b3c6ddcb4690f60ba2b13d4441757b89d11614e"
"md","README","bmm","bmad/bmm/workflows/1-analysis/product-brief/README.md","804c88cadb6ed506129e32e9084e967b8e4e0593bb5e8fab2db300f57b7b32c7"
"md","README","bmm","bmad/bmm/workflows/1-analysis/research/README.md","1663316dbaa687f24be1fbba6a5178692fc1c10c3fb9f68e84c95ccf62fa9e38"
"md","README","bmm","bmad/bmm/workflows/2-plan-workflows/gdd/README.md","0dd203cbf23264e9b4ce657a3bf2a08a97fc68c925a5113cf5fade0a8d19eff5"
"md","README","bmm","bmad/bmm/workflows/2-plan-workflows/README.md","53816d22b2a3479db9b41906f8a7366052b5eb1c185d832c07390d77599268e9"
"md","README","bmm","bmad/bmm/workflows/3-solutioning/README.md","532a673b9177b4994027c3889b9e9b2bd973b9ecbc195bda55194486f17ed800"
"md","README","bmm","bmad/bmm/workflows/3-solutioning/solutioning-gate-check/README.md","e3323acb53532641926d69b9e36b593d947733fa5e377c004f41f636ec2ef113"
"md","README","bmm","bmad/bmm/workflows/4-implementation/correct-course/README.md","a7cb476509e02eee9a7aabe6d074ab56036c97177a9fd7b6e3b217008d1c8355"
"md","README","bmm","bmad/bmm/workflows/4-implementation/create-story/README.md","b3e8d4962d10d2b478f473465184c8bfdc176f7da9f7a5c3fd741e8be1cfb664"
"md","README","bmm","bmad/bmm/workflows/4-implementation/dev-story/README.md","dff67af5b6ba85b98ccc42e1a607c1f8b4b6787d4e0e20651c57a41e66027626"
"md","README","bmm","bmad/bmm/workflows/4-implementation/epic-tech-context/README.md","d8167aefa9cc7e166d0d773840d6ee8251cca368152f4e8fb5e5adad20dc4135"
"md","README","bmm","bmad/bmm/workflows/4-implementation/README.md","be22027df5ca3ad0dc9cee820bae9fbd309abad88260d37f88a41d12dd289df9"
"md","README","bmm","bmad/bmm/workflows/4-implementation/retrospective/README.md","41e70838aa9c269addcef252559ad5c2f97c6715b2bf9321e4ef6066239b1b2a"
"md","README","bmm","bmad/bmm/workflows/4-implementation/review-story/README.md","2edf3818ea404ad675bab214314e39757a6fbd6d325d31ccf9bd49879b00bba4"
"md","README","bmm","bmad/bmm/workflows/4-implementation/sprint-planning/README.md","1f248f257b4007669f2e53045ca5f585a748df4d4fec737c1371a4b7a271db6b"
"md","README","bmm","bmad/bmm/workflows/4-implementation/story-context/README.md","5f04776df98ecc7bf9ae81389cf332c9253c5c5edce3b15b0b8dccccdd542e4b"
"md","README","bmm","bmad/bmm/workflows/helpers/sprint-status/README.md","c41ecc36c35eaa416d1ec561d6453945dcd99651abe1cbfa05ea289288241f63"
"md","README","bmm","bmad/bmm/workflows/README.md","4d955a6df3e95c189f0f36e3d65796eca55c6fbc3ff7c7ed54a65cfc14fd81a3"
"md","README","bmm","bmad/bmm/workflows/testarch/atdd/README.md","5bf6200cda2259b0b4f672435f2f62ab79cec7e66d2f7496f3ab7dbc38b7e2c5"
"md","README","bmm","bmad/bmm/workflows/testarch/automate/README.md","a4d89641c7b9b9e75bdac7394c6c7d6d8448302bd2796f7fcad75da5247b914f"
"md","README","bmm","bmad/bmm/workflows/testarch/ci/README.md","eb05f3f6d41b2ce13898cabf38ece188ae31f3ba34532718ae6a8b0c4fdd47b8"
"md","README","bmm","bmad/bmm/workflows/testarch/framework/README.md","833067c072c6bb789b054ab231b3fb9166154ccbbe11909fdad3c8ab821a0a76"
"md","README","bmm","bmad/bmm/workflows/testarch/nfr-assess/README.md","61662f8d9d8d8e8aa849edcfb02aa8ecb4600b771791a3fc3a213aa402eeadae"
"md","README","bmm","bmad/bmm/workflows/testarch/README.md","16c681eb55eb641288493331cfda8140e42391f785f5ff5ffce495252f793b08"
"md","README","bmm","bmad/bmm/workflows/testarch/test-design/README.md","30ff259d54cbca0c33fa7f3f319fd015fbe4a45f22c438f0d358950197c88c10"
"md","README","bmm","bmad/bmm/workflows/testarch/test-review/README.md","c7269c2e249fbc9a5e3d96eed4636687ad75e7a54fecc9f7121dde9f0faec7fa"
"md","README","bmm","bmad/bmm/workflows/testarch/trace/README.md","2ff63187c0aeeb366b36704680fa9bcefc3face1ec070603bd937229ff922713"
"md","README","bmm","bmad/bmm/workflows/workflow-status/README.md","b16eb7244658cf92e7e6b5ca95135ee65aeaa3d1555f9b3d9f608ac552066451"
"md","requirements-analyst","bmm","bmad/bmm/sub-modules/claude-code/sub-agents/bmad-planning/requirements-analyst.md","ca413c0982f294816455e85c8e8440e96017f46f2928608f33e4f84b06fd93ad"
"md","rhythm","bmm","bmad/bmm/workflows/2-plan-workflows/gdd/game-types/rhythm.md","099462e504db8de6fe4e6176a2e0667a2beb3700147d733a4e5a44f7aba4d9d1"
"md","risk-governance","bmm","bmad/bmm/testarch/knowledge/risk-governance.md","970d014bb18d273f36bd16f4f2faa4ecae653b54928eddb473a499954ed9c074"
"md","roguelike","bmm","bmad/bmm/workflows/2-plan-workflows/gdd/game-types/roguelike.md","13db5439305b6f8c5a985839552326ca0da359d861251b10f7585b7f123a848c"
"md","rpg","bmm","bmad/bmm/workflows/2-plan-workflows/gdd/game-types/rpg.md","861d9a803a43e4b95f048a0ff274ef56dbbfb8d83fea696237814731ae13e4f4"
"md","sample-epics-file","bmm","bmad/bmm/workflows/4-implementation/temp-testing-files/sample-epics-file.md","f9776edd05fa544411fa953fc286a5377eb4d36b838ff356c3b0254585932850"
"md","sample-workflow-status","bmm","bmad/bmm/workflows/4-implementation/temp-testing-files/sample-workflow-status.md","a2f19cebb475794bdf7fd41ade9d75ba98ef6e353ffdfb4dc500ec091f1af010"
"md","sandbox","bmm","bmad/bmm/workflows/2-plan-workflows/gdd/game-types/sandbox.md","404b16e49aefdeda1e022a07fb680a1584c0e1a00ddda003e80eab748e01d270"
"md","selective-testing","bmm","bmad/bmm/testarch/knowledge/selective-testing.md","abe5316924696e5a7dbb68a345b01072ca13894c8d09cd5f77bfe509a7276b5b"
"md","selector-resilience","bmm","bmad/bmm/testarch/knowledge/selector-resilience.md","27017332dd7d25c86ef39bbf8aec4ace89ee05bed56b6fdae639078c9e725d15"
"md","shooter","bmm","bmad/bmm/workflows/2-plan-workflows/gdd/game-types/shooter.md","185d8722cf25471768440921b7b5bdca8bf58464358bd50556811fa0746e3e0c"
"md","simulation","bmm","bmad/bmm/workflows/2-plan-workflows/gdd/game-types/simulation.md","bbb0c3dd09cb4289c2d297aeb49d1b0261151037dd8728fddee8ab7683bfc995"
"md","sm","bmm","bmad/bmm/agents/sm.md","aae74a9fd203a4c4a5b263d376426b7e1f307141fc541aaa8b98d3dc61ca5bf3"
"md","source-tree-template","bmm","bmad/bmm/workflows/1-analysis/document-project/templates/source-tree-template.md","f0094b1e0a9770c8c408b86f978b660c253fe99affcf2b67e1cf7aa9b40e74cb"
"md","sports","bmm","bmad/bmm/workflows/2-plan-workflows/gdd/game-types/sports.md","f2f582cd89412e803f9714e5f44ee9854ed2d1a2debd588900fc1792756057b7"
"md","strategy","bmm","bmad/bmm/workflows/2-plan-workflows/gdd/game-types/strategy.md","3b453b6e3a70d65ec2428bf53195edcb5c3f194341110f4034d55c9707fac65d"
"md","survival","bmm","bmad/bmm/workflows/2-plan-workflows/gdd/game-types/survival.md","524f50b6929bab7b10dbcc2437002cb79139188594e6d17ceb7abecd76e8b295"
"md","tea","bmm","bmad/bmm/agents/tea.md","55826f4904dd6f373163deb16920a47ab86927171c95ba564e8ee3f9abf715e0"
"md","tech-debt-auditor","bmm","bmad/bmm/sub-modules/claude-code/sub-agents/bmad-research/tech-debt-auditor.md","76182176ac024ec31d66017978658352bf7d8250c741ff2eaac632c995670baf"
"md","tech-spec-template","bmm","bmad/bmm/workflows/2-plan-workflows/tech-spec/tech-spec-template.md","5e54c82c540fa5ff5e0c6dfb4a98d3404ef6552c9c9d0a2919a9b7583d65fb1a"
"md","technical-decisions-curator","bmm","bmad/bmm/sub-modules/claude-code/sub-agents/bmad-planning/technical-decisions-curator.md","6d244291bff69d1207c60f0fb8272c43a26537b4d291c4045970bd5aaafc4946"
"md","technical-evaluator","bmm","bmad/bmm/sub-modules/claude-code/sub-agents/bmad-review/technical-evaluator.md","abf1f497d2d82c29931f781067659a03e20574e8050e8c688f22f03c191cc9bc"
"md","template","bmm","bmad/bmm/workflows/1-analysis/game-brief/template.md","f2c83b06e8e403bb946de0bed6e4245c66e3b0202d9790432f56319cb8b661be"
"md","template","bmm","bmad/bmm/workflows/1-analysis/product-brief/template.md","b2c9a254b6ac9acf3dde84885ada8258bbf9d4d140b716e97a5579f137af08fa"
"md","template","bmm","bmad/bmm/workflows/3-solutioning/solutioning-gate-check/template.md","b085e111a25e813f6389e73d17e99adcc313c8022a452ade25c061a9c2d30360"
"md","template","bmm","bmad/bmm/workflows/4-implementation/create-story/template.md","3f4d3eb9cf295ab8bb7f419269fd146864e4da0568bdaff39a31ced20a79aca1"
"md","template","bmm","bmad/bmm/workflows/4-implementation/epic-tech-context/template.md","deee42ab35e906de0a29c8567d14f04aac63ccee3dd640088588a7758d796572"
"md","template-deep-prompt","bmm","bmad/bmm/workflows/1-analysis/research/template-deep-prompt.md","6d28b09e81f041f59a82d6dbefc8a8f3d7d69493c94d51cc63c31573397c5f2b"
"md","template-market","bmm","bmad/bmm/workflows/1-analysis/research/template-market.md","a3cb7d4050eb09e77a0a868bee30cf18829690668b61a93ae08169c3072bc698"
"md","template-technical","bmm","bmad/bmm/workflows/1-analysis/research/template-technical.md","4380df95993ff46aa0eff46a03c52c3c87f7285859d05f43f95e74aeb502e144"
"md","test-coverage-analyzer","bmm","bmad/bmm/sub-modules/claude-code/sub-agents/bmad-review/test-coverage-analyzer.md","b024bbc7ab909eb70c8af6f56728a151fa263b8d3cd6c2bffb7643a39a8bc8de"
"md","test-design-template","bmm","bmad/bmm/workflows/testarch/test-design/test-design-template.md","20c34e6e25334036262168d23726eba8f0160a3230e7f572ece068bc9c013828"
"md","test-healing-patterns","bmm","bmad/bmm/testarch/knowledge/test-healing-patterns.md","34f05dc40b5ead05d9c68299cb1a46f819338a4c8c928ab550a593e17f2b5464"
"md","test-levels-framework","bmm","bmad/bmm/testarch/knowledge/test-levels-framework.md","5397ad467351c55a6c8ee0d7f2fc6fce3d123a0bee35c01af0f71aa90d8bd0ea"
"md","test-priorities-matrix","bmm","bmad/bmm/testarch/knowledge/test-priorities-matrix.md","9f026da4038166ce8c3cc8aaedc9ca32b99eae75a053d5301c07bc53442a7788"
"md","test-quality","bmm","bmad/bmm/testarch/knowledge/test-quality.md","01552faa4496926c4e4badf03ff7c0b17fbf3e5647c3a79348c6e4932602955e"
"md","test-review-template","bmm","bmad/bmm/workflows/testarch/test-review/test-review-template.md","e415ff04456a35f56d13c631eacdcc9e7e2a0f0f9678dddc0b035fe09b52b200"
"md","text-based","bmm","bmad/bmm/workflows/2-plan-workflows/gdd/game-types/text-based.md","96c1d8cd99377cbebb873c5d660534f7fbfb848f503511eb24a25fe1e25ab4bf"
"md","timing-debugging","bmm","bmad/bmm/testarch/knowledge/timing-debugging.md","74304e8e924f1ae21be4edcdea149442a8ee1d5ad23a5388dc32c0cf3f8135e7"
"md","tower-defense","bmm","bmad/bmm/workflows/2-plan-workflows/gdd/game-types/tower-defense.md","c53a3bcb028d93bede1926d4c4b32a84321fe0ab5238974fe855e86631030b70"
"md","trace-template","bmm","bmad/bmm/workflows/testarch/trace/trace-template.md","f07d3dfde1a75b7e3d574d8c4b95e738b5a2552e3fad89b4741c371141ea0fc4"
"md","trend-spotter","bmm","bmad/bmm/sub-modules/claude-code/sub-agents/bmad-planning/trend-spotter.md","e3d4281fb8c9729562e36430f082d2d85f77156c4ab3b0aca9aa26323010e7ae"
"md","turn-based-tactics","bmm","bmad/bmm/workflows/2-plan-workflows/gdd/game-types/turn-based-tactics.md","5438cbf5fc800facfe724651821ba851231ccb1e26cd83ab658ead9a012c695d"
"md","user-journey-mapper","bmm","bmad/bmm/sub-modules/claude-code/sub-agents/bmad-planning/user-journey-mapper.md","33195c92ece40f024501a7607ff14b5c648394df0dee41f7ba849e618b9a07b6"
"md","user-researcher","bmm","bmad/bmm/sub-modules/claude-code/sub-agents/bmad-planning/user-researcher.md","93db9982168616a80833d56bf7b6f330955058b5d072a2b0775a63fda8e0c0c5"
"md","user-story-template","bmm","bmad/bmm/workflows/2-plan-workflows/tech-spec/user-story-template.md","e9fa4095506d2e787a64cffed4f6ec4e4b88bf2df38abb66a20554c9952ba6a9"
"md","ux-design-template","bmm","bmad/bmm/workflows/2-plan-workflows/create-ux-design/ux-design-template.md","841314dbe03adb697dc4acbeccc0efa54d3040d821d6d8d0d563d9c2b250d349"
"md","ux-designer","bmm","bmad/bmm/agents/ux-designer.md","8f0782a16ac6390a54dd84b7153547e8de11ca813ee1b30004cd33b0fbb1bd9c"
"md","visual-debugging","bmm","bmad/bmm/testarch/knowledge/visual-debugging.md","c61f70d5f7eb3bb15e34484b874554672c3d78004b70a0eeb9f713abdd520e1f"
"md","visual-novel","bmm","bmad/bmm/workflows/2-plan-workflows/gdd/game-types/visual-novel.md","c069fdf5a0bc18a129cf4ce1362e1b67b627943a0e40bdf46730e92202ea797a"
"md","workflow-status-template","bmm","bmad/bmm/workflows/workflow-status/workflow-status-template.md","bb39dd6da0f07f00eaaaca7b84660fd36f3cb587dcffc9aa0e17c2d1614ccb51"
"xml","context-template","bmm","bmad/bmm/workflows/4-implementation/story-context/context-template.xml","ba8cc1e91e85a15e4e98ad5ada65ec21cdb50b9dcb28ac69b553d485b44a1953"
"xml","daily-standup","bmm","bmad/bmm/tasks/daily-standup.xml","e0f3c59738e55b0d1720d8942ecb850e6ddf7920190ce9c7ac69bd07c040709e"
"xml","retrospective","bmm","bmad/bmm/tasks/retrospective.xml","e088dd14d68888ee047eb4b479e5e100e530494aa32236bbd577dcca264f8eba"
"yaml","analyst.agent","bmm","bmad/bmm/agents/analyst.agent.yaml",""
"yaml","architect.agent","bmm","bmad/bmm/agents/architect.agent.yaml",""
"yaml","architecture-patterns","bmm","bmad/bmm/workflows/3-solutioning/architecture/architecture-patterns.yaml","f66c7d01c6fa10a8ba205a4b1f617baa52c7ea775065a264c901ebb23eabe4ca"
"yaml","brownfield-level-0","bmm","bmad/bmm/workflows/workflow-status/paths/brownfield-level-0.yaml","cad580f193a3b9b54fbe24d820d6da0041d624dbd0ea4bb636d0ef9567b2edcf"
"yaml","brownfield-level-1","bmm","bmad/bmm/workflows/workflow-status/paths/brownfield-level-1.yaml","c0fb6cc3066a30294f9f14abda547a06262cb567a319234590ef4fc586deda42"
"yaml","brownfield-level-2","bmm","bmad/bmm/workflows/workflow-status/paths/brownfield-level-2.yaml","6d8dfd2246f861ac1eec131a8018f9ee9014aad8f73095535bb9e211b3bf2b4d"
"yaml","brownfield-level-3","bmm","bmad/bmm/workflows/workflow-status/paths/brownfield-level-3.yaml","bba7ec40f0d9500ffa410f671c57185decf6f53e9f5342914fa9806f17e570a7"
"yaml","brownfield-level-4","bmm","bmad/bmm/workflows/workflow-status/paths/brownfield-level-4.yaml","09590950d66204a55ba05b64a568753e82d4f937cfcff63d4b29c329cdfad5e5"
"yaml","config","bmm","bmad/bmm/sub-modules/claude-code/config.yaml","4126eb5bac7b906374782be0e93cbc249ed521ef1c0f0af328076eba857267b4"
"yaml","config","bmm","bmad/bmm/config.yaml","62b6ffda9196cfb0a57ad7efb5b4da0e86af998637647db6ee8ee8b778074301"
"yaml","decision-catalog","bmm","bmad/bmm/workflows/3-solutioning/architecture/decision-catalog.yaml","6e8e7b5ada527e0b08b1118385be77d118fecb16bc22c2f25b9d179b72e3172b"
"yaml","deep-dive","bmm","bmad/bmm/workflows/1-analysis/document-project/workflows/deep-dive.yaml","b3e25ae56d4d48b3924e78cf832cf7c684104e10fd0def4f32da0b1c5e1f908d"
"yaml","dev.agent","bmm","bmad/bmm/agents/dev.agent.yaml",""
"yaml","full-scan","bmm","bmad/bmm/workflows/1-analysis/document-project/workflows/full-scan.yaml","a03650fea8628fa5089f5607902700ce581cfd0fae6418c8ae2d8102a95c0beb"
"yaml","game-architect.agent","bmm","bmad/bmm/agents/game-architect.agent.yaml",""
"yaml","game-design","bmm","bmad/bmm/workflows/workflow-status/paths/game-design.yaml","216a6d2cb8cb7eca0a23cdb52fd4446ec51587c105035cde5c45107062e01f8b"
"yaml","game-designer.agent","bmm","bmad/bmm/agents/game-designer.agent.yaml",""
"yaml","game-dev.agent","bmm","bmad/bmm/agents/game-dev.agent.yaml",""
"yaml","github-actions-template","bmm","bmad/bmm/workflows/testarch/ci/github-actions-template.yaml","67b82b70b5b8a9b6bb2dd939ba8b9083f9ce820a4852c791ee990cd680daedc7"
"yaml","gitlab-ci-template","bmm","bmad/bmm/workflows/testarch/ci/gitlab-ci-template.yaml","eca2506e94776c38bca3cb0a8191c8b920af7bdae75d709a04fcccc190b6a66c"
"yaml","greenfield-level-0","bmm","bmad/bmm/workflows/workflow-status/paths/greenfield-level-0.yaml","3ece8307032914fbab65aee003e82b5e0f4526f3a2fcc1ee8314f023e587969b"
"yaml","greenfield-level-1","bmm","bmad/bmm/workflows/workflow-status/paths/greenfield-level-1.yaml","9496323b1e8e8679d32ef2409033b829f5442f1e007e66ccffec19ddfb281bc9"
"yaml","greenfield-level-2","bmm","bmad/bmm/workflows/workflow-status/paths/greenfield-level-2.yaml","3749e5f2c35b97cbd26c825e8ea7263ad6646eb334c09b00117ff62bc6600a63"
"yaml","greenfield-level-3","bmm","bmad/bmm/workflows/workflow-status/paths/greenfield-level-3.yaml","392fabf986bff999fc33b0c4c514064dcb13a840743928ca10081a47559e738b"
"yaml","greenfield-level-4","bmm","bmad/bmm/workflows/workflow-status/paths/greenfield-level-4.yaml","dec5dbb2cf5ffe77a6a531d99485408d264f35b361dae2844714500c8001dc4c"
"yaml","injections","bmm","bmad/bmm/sub-modules/claude-code/injections.yaml","f80f6f83ac5da262e165412f45469fbd66e6ca80c36558e478b96079151ccf9d"
"yaml","injections","bmm","bmad/bmm/workflows/1-analysis/research/claude-code/injections.yaml","77c0388a3c0491a2b0dcfd6b2ad4794caace361e17655accae33ac8380834727"
"yaml","pm.agent","bmm","bmad/bmm/agents/pm.agent.yaml",""
"yaml","project-levels","bmm","bmad/bmm/workflows/workflow-status/project-levels.yaml","0bf07b5eff4d17d306154347b69210b473916865f906a79c25523e040afd21ac"
"yaml","sample-sprint-status-file","bmm","bmad/bmm/workflows/4-implementation/temp-testing-files/sample-sprint-status-file.yaml","5493237361ada1ffc025fc4349a451177326cfdd5ec4b585b8dddb6854e4a419"
"yaml","sm.agent","bmm","bmad/bmm/agents/sm.agent.yaml",""
"yaml","sprint-status-template","bmm","bmad/bmm/workflows/4-implementation/sprint-planning/sprint-status-template.yaml","c4f4a4a76ab54de1290aa87c06777f1452f982de4f3635814c6ad1471c5ce74d"
"yaml","tea.agent","bmm","bmad/bmm/agents/tea.agent.yaml",""
"yaml","team-fullstack","bmm","bmad/bmm/teams/team-fullstack.yaml","3483409f166238c46bbb5bd11651cce9878a9b47ae80bff355677b2d7349148f"
"yaml","team-gamedev","bmm","bmad/bmm/teams/team-gamedev.yaml","3370f8464c42d20943731f099d504dc5152b2713ffa6b140fa0094296f07ceb7"
"yaml","ux-designer.agent","bmm","bmad/bmm/agents/ux-designer.agent.yaml",""
"yaml","validation-criteria","bmm","bmad/bmm/workflows/3-solutioning/solutioning-gate-check/validation-criteria.yaml","4ac0c2b9f130b6ea633de2778b7c973976a133928f72a8abd5df48e7249c933a"
"yaml","workflow","bmm","bmad/bmm/workflows/1-analysis/brainstorm-game/workflow.yaml","78860a59e4b1383f1bdfb7aad353f35f39207a1cb420c5d2e4f377ab10abc6dc"
"yaml","workflow","bmm","bmad/bmm/workflows/1-analysis/brainstorm-project/workflow.yaml","eb4ad11939376fdb682bf50be3fe99c26be9ed81e6ac7c1dcb9ecadd3ab034e4"
"yaml","workflow","bmm","bmad/bmm/workflows/1-analysis/document-project/workflow.yaml","583a5a405ec70b60765f1d9487eca10c48be3670d5f09459f9ba8354c7dc7676"
"yaml","workflow","bmm","bmad/bmm/workflows/1-analysis/game-brief/workflow.yaml","c44a6a8849d1a5fb4e33ab7e2e3fa17c82c8cc4f1d93df2c21400c0eecfe5d0f"
"yaml","workflow","bmm","bmad/bmm/workflows/1-analysis/product-brief/workflow.yaml","558eaa29876de4c6e0f41296a05f64226ff0e73454ddb0a0917186f4c7bb011f"
"yaml","workflow","bmm","bmad/bmm/workflows/1-analysis/research/workflow.yaml","454808e4ac3bf9a712c117847982d21f7ce8d2def333dcf8c2625d7ded5387c9"
"yaml","workflow","bmm","bmad/bmm/workflows/2-plan-workflows/create-ux-design/workflow.yaml","c9cbd131b9ff563a8af9ca1116e48e87c8e1c4c28e09b5d8b2df02dea88ed824"
"yaml","workflow","bmm","bmad/bmm/workflows/2-plan-workflows/gdd/workflow.yaml","28cf7aa64b83378c6f1799b9dd4bb4d536a0c41cf753aa25ba41956a3f1c32bf"
"yaml","workflow","bmm","bmad/bmm/workflows/2-plan-workflows/narrative/workflow.yaml","1f3d990633fd96bad2f829282d54850e75733549631eace504580052b5f468ba"
"yaml","workflow","bmm","bmad/bmm/workflows/2-plan-workflows/prd/workflow.yaml","480230f73a242155a66ee58e96466b72a9185734e58f8a45113cf5c11f0de3e9"
"yaml","workflow","bmm","bmad/bmm/workflows/2-plan-workflows/tech-spec/workflow.yaml","2dd6da52ee55a292e0e8f2f759397e79945189dfc51857ffc1c71095363cdad1"
"yaml","workflow","bmm","bmad/bmm/workflows/3-solutioning/architecture/workflow.yaml","a3fc241013e3c1c5376038b2d9917323fd5e5199b538e1a680cf01a63a535e9b"
"yaml","workflow","bmm","bmad/bmm/workflows/3-solutioning/solutioning-gate-check/workflow.yaml","c401bd1288c95996f815c25a4b4f02cc23a2da96a15da195ee763081128430dd"
"yaml","workflow","bmm","bmad/bmm/workflows/4-implementation/correct-course/workflow.yaml","e81f5832e24f2419bb7167a89758ab1339c4bb814d830ef40385af45742cb4d3"
"yaml","workflow","bmm","bmad/bmm/workflows/4-implementation/create-story/workflow.yaml","9aeb29cbcb1ca4269086350c06e855bfaf5520e64268ae81b4465a90b804efa3"
"yaml","workflow","bmm","bmad/bmm/workflows/4-implementation/dev-story/workflow.yaml","68cdadf6b6b38d24521d900a0b673498bcd96b60cbc76cd580d1fed5d5f38680"
"yaml","workflow","bmm","bmad/bmm/workflows/4-implementation/epic-tech-context/workflow.yaml","7ab514d26fb3eec33e4ff22c45466156f939643136031b77199c25d166859043"
"yaml","workflow","bmm","bmad/bmm/workflows/4-implementation/retrospective/workflow.yaml","b0ab022e02254ddd432f9a37ef8f19c85cf6cc612f6aee7bcb8c2bd87a008614"
"yaml","workflow","bmm","bmad/bmm/workflows/4-implementation/review-story/workflow.yaml","dbb808f624357c2906ff451fd194a00db34b431f0149cf565d1cd045c9495993"
"yaml","workflow","bmm","bmad/bmm/workflows/4-implementation/sprint-planning/workflow.yaml","97c1f8cb36b8c9dd17e984292f164678a204e3240a133ab0f133a1466138ce16"
"yaml","workflow","bmm","bmad/bmm/workflows/4-implementation/story-context/workflow.yaml","b057fbdc01ae6f8ccec808bda0fd8b8974a9f7604a3a98a499109af2562bcbf8"
"yaml","workflow","bmm","bmad/bmm/workflows/4-implementation/story-done/workflow.yaml","87c54dc7504a05ea927cfc7559b67f42a2f0d9d78d376635f3e9e50d4ddb515c"
"yaml","workflow","bmm","bmad/bmm/workflows/4-implementation/story-ready/workflow.yaml","75dc60b6c2d55a2c7f64acee873d9a483b850797e53e7ac83ccb8e3e1237e6a8"
"yaml","workflow","bmm","bmad/bmm/workflows/helpers/sprint-status/workflow.yaml","abc740321a9e19cd92e6d253323df20554233ccb9de34135804da07101857834"
"yaml","workflow","bmm","bmad/bmm/workflows/testarch/atdd/workflow.yaml","49995047bc8c2469419ed871ad1fab03827e3cc08aabddf7ba39c4c723e54024"
"yaml","workflow","bmm","bmad/bmm/workflows/testarch/automate/workflow.yaml","f866870ac811ef36e3b0ded22050459b440478c73c1897b2fc62df22a62afb5e"
"yaml","workflow","bmm","bmad/bmm/workflows/testarch/ci/workflow.yaml","da424d0dfd05c52d21a75f7a646b3a98b3002cfbbf72e4a648c7d89a2a1a8aba"
"yaml","workflow","bmm","bmad/bmm/workflows/testarch/framework/workflow.yaml","705c5844589a9492a81bce80c69bb35b6d47b74348a48067c6ce35aedd3ec232"
"yaml","workflow","bmm","bmad/bmm/workflows/testarch/nfr-assess/workflow.yaml","1c6784b4c01740ffc9c4b12da4876d249aa7f8a85175d661d68d068ad715d2bc"
"yaml","workflow","bmm","bmad/bmm/workflows/testarch/test-design/workflow.yaml","05507a8ba7ec292485a41e255e8d4dc7828401d5781e5352b61ca895687bab13"
"yaml","workflow","bmm","bmad/bmm/workflows/testarch/test-review/workflow.yaml","77d091f862621c88b834b444f1ffacca606711495e6184f3a1ff719d311f435b"
"yaml","workflow","bmm","bmad/bmm/workflows/testarch/trace/workflow.yaml","e25f5ca32f89efc2165771faa84302850111314a46e04c042e4f34e3fdfd1358"
"yaml","workflow","bmm","bmad/bmm/workflows/workflow-status/init/workflow.yaml","c35d272c3cf16deea8f6ae8f216de0aad6553b15c2c2e081d15447862f9bdb49"
"yaml","workflow","bmm","bmad/bmm/workflows/workflow-status/workflow.yaml","b7b9de837ca9981b6a1c914ebf9571703dbb0879e052e03cc2e8c83917ee9efb"
"csv","design-methods","cis","bmad/cis/workflows/design-thinking/design-methods.csv","f30bde7ba96237fc9b1857a30334a85c53166c6cad3d936b942b61bfdfa7c507"
"csv","innovation-frameworks","cis","bmad/cis/workflows/innovation-strategy/innovation-frameworks.csv","82ffab5da28ddc99741bff2b7c7631f2d149e68de6993f5c129a549c6275ed05"
"csv","solving-methods","cis","bmad/cis/workflows/problem-solving/solving-methods.csv","ecc75045360b2bdf29932da4d9fb97b8328595567787e05490bfe6d77a714975"
"csv","story-types","cis","bmad/cis/workflows/storytelling/story-types.csv","8cf3d49d3ce771f30b6d9c0c936d35f92b8af23e0962c876df832c02d605f1ce"
"md","brainstorming-coach","cis","bmad/cis/agents/brainstorming-coach.md","89d707385fbf9126ff6e42c9e8647d0189e3e1c8f51356f4e20ddd48f28320c4"
"md","creative-problem-solver","cis","bmad/cis/agents/creative-problem-solver.md","d3c15e8380aa775f03fe406b4c08ec10af3f15f22b86779b90c8c0577a3c62d6"
"md","design-thinking-coach","cis","bmad/cis/agents/design-thinking-coach.md","05fa18fd095494d9cce0697bda1e4d5e40eb57d7bae1a551b3838ca14d52429b"
"md","innovation-strategist","cis","bmad/cis/agents/innovation-strategist.md","4275e00667ac921d09a3afc90ea87bcb11a28fc25c5b8853a1227036ea1337b4"
"md","instructions","cis","bmad/cis/workflows/design-thinking/instructions.md","3b1fab396a71d3661d58daf34da39eb87c748440a02800f7a5ddfab469d0fa5e"
"md","instructions","cis","bmad/cis/workflows/innovation-strategy/instructions.md","384e7a4b59c9650cd0015cbb296f9adf355cbb35cc897f0481141aa099e00256"
"md","instructions","cis","bmad/cis/workflows/problem-solving/instructions.md","f39e8289d0fffa154c21abf49d11e47a7a4dbc2cb629788db5cc115ad0025e5e"
"md","instructions","cis","bmad/cis/workflows/storytelling/instructions.md","ee79f579fa9396b12e09ab41fdd952bee824a00e5f8bfd3a23a30b7874ce34b4"
"md","readme","cis","bmad/cis/readme.md","2c42ee4f3e1ae37c8baf24cc04e2418177e4f3c9263a296774a5fa891a9173af"
"md","README","cis","bmad/cis/agents/README.md","90741dec9a5478aa3bb84f574c32840c95b2ae327814d930fcd1ce0918f76a36"
"md","README","cis","bmad/cis/workflows/design-thinking/README.md","c6eab6e3fe96a97731cc2b7d8d6ea20f5a9664d19f03fc5b2b34e1ac8952142e"
"md","README","cis","bmad/cis/workflows/innovation-strategy/README.md","88ab818502bf35c3e99eb8e277aa10244834b013913ecebd1de1449e54944650"
"md","README","cis","bmad/cis/workflows/problem-solving/README.md","1eb1bb254b197817249d53af6241cc8af5d9b324e6420eecb53c646ac1ffff8f"
"md","README","cis","bmad/cis/workflows/README.md","6d97cd2ef58b49f9b901643e70a68e1eda4c3814a253dd9a50ac72ed81d3fc9c"
"md","README","cis","bmad/cis/workflows/storytelling/README.md","c82b12133c5057c546c96432d574aa035ab1446178f9c64d247cdda9e1e2bfe4"
"md","storyteller","cis","bmad/cis/agents/storyteller.md","2919b6d874c21f69212e878d025afaa0152779814c9dd9a2ef0253ee2c86b4b8"
"md","template","cis","bmad/cis/workflows/design-thinking/template.md","7bcf6d0cd09de3c0d91f3f49ee280177365dabb64ed814b97e83e73082643c37"
"md","template","cis","bmad/cis/workflows/innovation-strategy/template.md","38dbdadc7d36fcac61fc5e1c020b402d056cf96910c0702e5097c7634e787c21"
"md","template","cis","bmad/cis/workflows/problem-solving/template.md","c46fbdf42a1d9ad732f562e4add05020198ffc7ba18d134718e1cd960752c390"
"md","template","cis","bmad/cis/workflows/storytelling/template.md","290615dbd530dc13843a87ebedd107b390bcfd57cf68df67cd250dea8f49b2dd"
"yaml","brainstorming-coach.agent","cis","bmad/cis/agents/brainstorming-coach.agent.yaml",""
"yaml","config","cis","bmad/cis/config.yaml","74f3d86eb0a6cd1ca64d76dfe38e5957addedd025c37f42c731f361a2253afcb"
"yaml","creative-problem-solver.agent","cis","bmad/cis/agents/creative-problem-solver.agent.yaml",""
"yaml","creative-squad","cis","bmad/cis/teams/creative-squad.yaml","3aa63ba91b78e6d17c25aebf1245f9810138e3f0036ccbb5d6d7a8266065489b"
"yaml","design-thinking-coach.agent","cis","bmad/cis/agents/design-thinking-coach.agent.yaml",""
"yaml","innovation-strategist.agent","cis","bmad/cis/agents/innovation-strategist.agent.yaml",""
"yaml","storyteller.agent","cis","bmad/cis/agents/storyteller.agent.yaml",""
"yaml","workflow","cis","bmad/cis/workflows/design-thinking/workflow.yaml","821a2948e84fd32247c3b170ccdd439a227420423fde73631d8789a4a0dc623a"
"yaml","workflow","cis","bmad/cis/workflows/innovation-strategy/workflow.yaml","9494aa75d46dcde9b0dafd25d16c4fd012f76b924a5a3cff28fc32923360e2db"
"yaml","workflow","cis","bmad/cis/workflows/problem-solving/workflow.yaml","e8d04d82f7e4f3da827b2b4dc49c82521e9b09b0e514c7fb80560be859644f39"
"yaml","workflow","cis","bmad/cis/workflows/storytelling/workflow.yaml","4c67ffa50ddcaec61574c781381d76b6572d64183736000009c820e21792e89f"
"csv","adv-elicit-methods","core","bmad/core/tasks/adv-elicit-methods.csv","465346876d28b6231f21821f0c85bcc5b35b951d48897aaa3b040b35ca7921e5"
"csv","brain-methods","core","bmad/core/workflows/brainstorming/brain-methods.csv","caf4b24a02b3b83acb2ad5b63d69e543bf11e60d68e5f28d2033de489b1c9358"
"md","bmad-master","core","bmad/core/agents/bmad-master.md","2bcfdcb96b890bfaf2c44f06ac1368f0be15ae69713a7b4adb3da18fd0f3e43a"
"md","instructions","core","bmad/core/workflows/brainstorming/instructions.md","bb78e6995115a6a5407cfd7ad664c58f05ac2f41b860c375658c999f4a5ab772"
"md","instructions","core","bmad/core/workflows/party-mode/instructions.md","60aea23ec54362b2d22135089579cec94ae8d9e1d25ff1aa9537eb05b6ba464f"
"md","README","core","bmad/core/workflows/brainstorming/README.md","a46f2ffc3975cb50dfb17aa0bca99f54dedbc924f0b989500c3e3a854fbc792b"
"md","template","core","bmad/core/workflows/brainstorming/template.md","b7a918bfe41650cb39a27e1eec4654e947407c605f28f3305c751055d2c4b413"
"xml","adv-elicit","core","bmad/core/tasks/adv-elicit.xml","9c280b15e13757f2fda5ebcd31fb9308110746280d6f88891316966baaa3c791"
"xml","bmad-web-orchestrator.agent","core","bmad/core/agents/bmad-web-orchestrator.agent.xml","46c3e84d0873f8502c84da22401206e31c8479c0838f52db54e77232e90d78ad"
"xml","index-docs","core","bmad/core/tasks/index-docs.xml","480cdeb5a76ed1ad8f786fa45c6e1088a191656856bedf970bcb7afd6a34deac"
"xml","validate-workflow","core","bmad/core/tasks/validate-workflow.xml","d69fc55fbe4275cce847bb3d2655b9a57adb932515e28fb8738f6a448f52bf74"
"xml","workflow","core","bmad/core/tasks/workflow.xml","c96dfe193f003bef64b81c82d506c6186fda9fee4d8b6ac3f4065886fa561a8a"
"yaml","bmad-master.agent","core","bmad/core/agents/bmad-master.agent.yaml",""
"yaml","config","core","bmad/core/config.yaml","a060f963f00633dbff649dd2f6a4f1f7ed99f52b5dc056706fb434a69a97e4fb"
"yaml","workflow","core","bmad/core/workflows/brainstorming/workflow.yaml","56ab5a75d732a20de8b5c2689d7d4182a422ec05fe60aeb54df92a1c01e0296a"
"yaml","workflow","core","bmad/core/workflows/party-mode/workflow.yaml","3c8b31d5592bd8cf8a224fd5c653aa496cb0905c97804a3e485784e978ec2c4d"
